{"_wandb":{"runtime":2},"train_loss_step":178846.78125,"test_mse":128374.6171875,"val_loss":128374.6171875,"_runtime":2.34057209,"parameters/network.0.weight":{"values":[4,2,4,4,7,11,21,18,16,14,17,17,17,26,18,16,20,28,18,19,21,24,22,21,20,20,17,23,15,22,27,20,16,24,24,16,19,30,26,20,9,18,19,11,14,15,16,14,18,15,16,7,10,6,5,10,4,2,2,7,2,3,2,1],"bins":[-0.28520363569259644,-0.27533796429634094,-0.26547226309776306,-0.25560659170150757,-0.24574090540409088,-0.2358752191066742,-0.2260095477104187,-0.21614386141300201,-0.20627817511558533,-0.19641248881816864,-0.18654680252075195,-0.17668113112449646,-0.16681544482707977,-0.15694975852966309,-0.1470840871334076,-0.1372184008359909,-0.12735271453857422,-0.11748702824115753,-0.10762134939432144,-0.09775567054748535,-0.08788998425006866,-0.07802429795265198,-0.06815861910581589,-0.0582929365336895,-0.04842725396156311,-0.03856157138943672,-0.028695888817310333,-0.018830206245183945,-0.008964523673057556,0.0009011588990688324,0.010766841471195221,0.02063252404332161,0.030498206615447998,0.04036388918757439,0.050229571759700775,0.060095254331827164,0.06996093690395355,0.07982662320137024,0.08969230204820633,0.09955798089504242,0.1094236671924591,0.1192893534898758,0.12915503978729248,0.13902071118354797,0.14888639748096466,0.15875208377838135,0.16861775517463684,0.17848344147205353,0.18834912776947021,0.1982148140668869,0.2080805003643036,0.21794617176055908,0.22781185805797577,0.23767754435539246,0.24754321575164795,0.25740891695022583,0.2672745883464813,0.2771402597427368,0.2870059609413147,0.2968716323375702,0.3067373037338257,0.31660300493240356,0.32646867632865906,0.33633437752723694,0.34620004892349243],"_type":"histogram"},"_timestamp":1.7503475740439e+09,"final/test_r2":0.339402437210083,"epoch":50,"train_mse":178846.765625,"train_mae":279.1404113769531,"final/test_loss":128374.6171875,"val_r2":0.339402437210083,"final/test_mae":232.1370086669922,"parameters/network.3.bias":{"bins":[0.23230281472206116,0.23230281472206116],"_type":"histogram","values":[1]},"_step":201,"train_r2":0.13483530282974243,"test_mae":232.1370086669922,"trainer/global_step":50,"train_loss_epoch":178846.78125,"graph_0":{"_type":"graph-file","sha256":"28b71aea48a4fa0fdeb02b634433cd25e14f82ccb76fb4fcacf3e6f20e55d74c","size":2046,"path":"media/graph/graph_0_summary_28b71aea48a4fa0fdeb0.graph.json"},"parameters/network.3.weight":{"_type":"histogram","values":[1,0,0,0,0,2,0,1,0,1,0,0,1,1,0,1,4,1,1,2,0,0,2,1,0,1,0,0,2,1,0,1,0,0,1,0,0,0,2,1,4,1,0,0,2,0,2,0,2,3,0,0,1,1,0,0,0,1,1,0,1,1,1,1],"bins":[-0.1392623484134674,-0.13482291996479034,-0.13038349151611328,-0.12594406306743622,-0.12150463461875916,-0.11706520617008209,-0.11262577772140503,-0.10818634927272797,-0.1037469208240509,-0.09930749237537384,-0.09486806392669678,-0.09042863547801971,-0.08598920702934265,-0.08154977858066559,-0.07711035013198853,-0.07267092168331146,-0.0682314932346344,-0.06379206478595734,-0.05935263633728027,-0.05491320788860321,-0.05047377943992615,-0.046034350991249084,-0.04159492254257202,-0.03715549409389496,-0.032716065645217896,-0.028276637196540833,-0.02383720874786377,-0.019397780299186707,-0.014958351850509644,-0.01051892340183258,-0.006079494953155518,-0.0016400665044784546,0.0027993619441986084,0.007238790392875671,0.011678218841552734,0.016117647290229797,0.02055707573890686,0.024996504187583923,0.029435932636260986,0.03387536108493805,0.03831478953361511,0.042754217982292175,0.04719364643096924,0.0516330748796463,0.056072503328323364,0.06051193177700043,0.06495136022567749,0.06939078867435455,0.07383021712303162,0.07826964557170868,0.08270907402038574,0.0871485024690628,0.09158793091773987,0.09602735936641693,0.100466787815094,0.10490621626377106,0.10934564471244812,0.11378507316112518,0.11822450160980225,0.12266393005847931,0.12710335850715637,0.13154278695583344,0.1359822154045105,0.14042164385318756,0.14486107230186462]},"lr-RMSprop":0.001,"val_mae":232.1370086669922,"final/best_val_loss":128374.6171875,"val_mse":128374.6171875,"test_r2":0.339402437210083,"parameters/network.0.bias":{"_type":"histogram","values":[1,0,0,0,0,0,1,0,2,0,0,1,1,1,0,1,2,0,0,1,1,1,2,0,0,1,0,0,1,0,1,0,3,0,3,1,2,1,1,0,1,1,4,1,1,1,0,2,2,1,0,0,1,0,1,1,1,0,0,1,0,0,0,2],"bins":[-0.2660652697086334,-0.2578645646572113,-0.24966388940811157,-0.24146319925785065,-0.23326250910758972,-0.2250618040561676,-0.21686111390590668,-0.20866042375564575,-0.20045973360538483,-0.1922590434551239,-0.18405835330486298,-0.17585766315460205,-0.16765695810317993,-0.159456267952919,-0.15125557780265808,-0.14305488765239716,-0.13485419750213623,-0.1266535073518753,-0.11845281720161438,-0.11025211960077286,-0.10205142945051193,-0.09385073930025101,-0.08565004169940948,-0.07744935154914856,-0.06924866139888763,-0.06104797124862671,-0.052847277373075485,-0.04464658349752426,-0.036445893347263336,-0.02824520133435726,-0.020044509321451187,-0.011843817308545113,-0.003643125295639038,0.0045575667172670364,0.012758258730173111,0.020958950743079185,0.02915964275598526,0.037360332906246185,0.04556102678179741,0.05376172065734863,0.06196241080760956,0.07016310095787048,0.07836379110813141,0.08656448870897293,0.09476517885923386,0.10296586900949478,0.1111665666103363,0.11936725676059723,0.12756794691085815,0.13576863706111908,0.14396932721138,0.15217001736164093,0.16037070751190186,0.16857141256332397,0.1767721027135849,0.18497279286384583,0.19317348301410675,0.20137417316436768,0.2095748633146286,0.21777555346488953,0.22597625851631165,0.23417694866657257,0.2423776388168335,0.2505783140659332,0.25877901911735535]},"test_loss":128374.6171875}