{"loss":0.08930622671872661,"_timestamp":1.750340868677365e+09,"_runtime":0.911408236,"_step":7,"_wandb":{"runtime":0},"acc":0.9284425689704507}