{"final/test_loss":140613.578125,"val_mae":231.58187866210938,"_runtime":2.394626486,"parameters/network.0.weight":{"_type":"histogram","values":[4,4,5,5,17,14,15,7,24,13,15,23,18,17,21,12,21,23,26,23,14,19,20,14,18,11,20,15,17,20,10,13,21,16,18,23,14,20,24,14,16,16,18,14,14,9,17,14,16,17,14,15,15,14,22,12,11,15,12,7,4,5,2,3],"bins":[-0.2603447437286377,-0.25196781754493713,-0.24359087646007538,-0.23521393537521362,-0.22683700919151306,-0.2184600681066513,-0.21008312702178955,-0.201706200838089,-0.19332925975322723,-0.18495231866836548,-0.17657539248466492,-0.16819845139980316,-0.1598215103149414,-0.15144458413124084,-0.1430676430463791,-0.13469071686267853,-0.12631377577781677,-0.11793684214353561,-0.10955990850925446,-0.1011829674243927,-0.09280603379011154,-0.08442910015583038,-0.07605215907096863,-0.06767522543668747,-0.05929829180240631,-0.05092135816812515,-0.042544420808553696,-0.03416748344898224,-0.02579054981470108,-0.017413614317774773,-0.009036678820848465,-0.0006597433239221573,0.007717162370681763,0.01609409786760807,0.024471033364534378,0.032847970724105835,0.04122490435838699,0.04960183799266815,0.05797877535223961,0.06635571271181107,0.07473264634609222,0.08310957998037338,0.09148651361465454,0.0998634546995163,0.10824038833379745,0.11661732196807861,0.12499426305294037,0.13337118923664093,0.14174813032150269,0.15012507140636444,0.158501997590065,0.16687893867492676,0.17525586485862732,0.18363280594348907,0.19200974702835083,0.2003866732120514,0.20876361429691315,0.2171405553817749,0.22551748156547546,0.23389442265033722,0.24227136373519897,0.25064828991889954,0.2590252161026001,0.26740217208862305,0.2757790982723236]},"test_mse":140613.59375,"final/best_val_loss":140613.578125,"train_loss_step":185884.125,"test_r2":0.27642250061035156,"train_mae":273.9965515136719,"parameters/network.3.weight":{"values":[1,0,0,0,0,2,1,0,0,1,0,2,1,0,0,2,2,1,1,1,1,0,2,2,1,0,1,0,1,2,0,0,0,0,0,0,1,1,0,0,2,1,3,0,1,2,1,1,1,0,3,1,1,1,1,0,0,0,0,1,2,0,0,1],"bins":[-0.13580940663814545,-0.13160131871700287,-0.1273932307958603,-0.12318515032529831,-0.11897706240415573,-0.11476898193359375,-0.11056089401245117,-0.1063528060913086,-0.10214471817016602,-0.09793663769960403,-0.09372854977846146,-0.08952046185731888,-0.0853123813867569,-0.08110429346561432,-0.07689620554447174,-0.07268812507390976,-0.06848003715276718,-0.0642719492316246,-0.060063865035772324,-0.055855780839920044,-0.051647692918777466,-0.047439608722925186,-0.043231524527072906,-0.03902343660593033,-0.03481535241007805,-0.03060726635158062,-0.02639918029308319,-0.02219109609723091,-0.017983010038733482,-0.013774923980236053,-0.0095668388530612,-0.005358753260225058,-0.001150667667388916,0.0030574179254472256,0.007265503518283367,0.011473588645458221,0.01568167470395565,0.01988976076245308,0.02409784495830536,0.028305931016802788,0.03251401707530022,0.036722101271152496,0.040930189192295074,0.045138273388147354,0.049346357583999634,0.05355444550514221,0.05776252970099449,0.06197061762213707,0.06617870181798935,0.07038678973913193,0.07459487020969391,0.07880295813083649,0.08301104605197906,0.08721912652254105,0.09142721444368362,0.0956353023648262,0.09984338283538818,0.10405147075653076,0.10825955867767334,0.11246764659881592,0.1166757270693779,0.12088381499052048,0.12509189546108246,0.12929998338222504,0.13350807130336761],"_type":"histogram"},"_wandb":{"runtime":2},"val_loss":140613.578125,"final/test_r2":0.27642250061035156,"_step":201,"trainer/global_step":50,"val_r2":0.27642250061035156,"train_loss_epoch":185884.125,"test_mae":231.58187866210938,"parameters/network.0.bias":{"_type":"histogram","values":[1,0,0,0,1,0,0,1,0,1,1,1,0,1,1,0,2,2,1,0,0,1,1,0,0,0,2,0,0,2,2,0,3,0,3,0,0,0,2,3,0,0,2,0,0,3,1,0,0,1,1,0,1,1,3,0,0,1,0,2,0,0,1,1],"bins":[-0.2511144280433655,-0.24355271458625793,-0.2359910011291504,-0.22842928767204285,-0.2208675742149353,-0.21330587565898895,-0.2057441622018814,-0.19818244874477386,-0.19062073528766632,-0.18305902183055878,-0.17549730837345123,-0.1679355949163437,-0.16037389636039734,-0.1528121829032898,-0.14525046944618225,-0.1376887559890747,-0.13012704253196716,-0.12256532907485962,-0.11500361561775208,-0.10744190961122513,-0.09988019615411758,-0.09231848269701004,-0.0847567766904831,-0.07719506323337555,-0.069633349776268,-0.06207163631916046,-0.054509926587343216,-0.04694821685552597,-0.039386503398418427,-0.03182478994131088,-0.024263080209493637,-0.016701368615031242,-0.009139657020568848,-0.001577945426106453,0.005983766168355942,0.013545477762818336,0.02110718935728073,0.028668900951743126,0.03623061254620552,0.043792322278022766,0.05135403573513031,0.058915749192237854,0.0664774626493454,0.07403916865587234,0.08160088211297989,0.08916259557008743,0.09672430157661438,0.10428601503372192,0.11184772849082947,0.11940944194793701,0.12697115540504456,0.1345328688621521,0.14209458231925964,0.149656280875206,0.15721799433231354,0.16477970778942108,0.17234142124652863,0.17990313470363617,0.1874648481607437,0.19502656161785126,0.2025882601737976,0.21014997363090515,0.2177116870880127,0.22527340054512024,0.23283511400222778]},"parameters/network.3.bias":{"values":[1],"bins":[0.1709337830543518,0.1709337830543518],"_type":"histogram"},"graph_0":{"path":"media/graph/graph_0_summary_43c8200c41092794e9c6.graph.json","_type":"graph-file","sha256":"43c8200c41092794e9c65308d23f350e764c4685b13026b942508fd70850c5aa","size":2046},"train_mse":185884.109375,"_timestamp":1.7503491334363108e+09,"val_mse":140613.59375,"final/test_mae":231.58187866210938,"train_r2":0.10079240798950195,"test_loss":140613.578125,"lr-Adam":0.001,"epoch":50}