{"final/test_loss":110507.4921875,"train_mse":135913.921875,"train_loss_step":135913.921875,"test_loss":110507.4921875,"val_mae":227.0223846435547,"train_mae":243.5707550048828,"_wandb":{"runtime":2},"val_mse":110507.4921875,"test_mae":227.0223846435547,"_step":201,"trainer/global_step":50,"graph_0":{"sha256":"0dc6f5fde2f749a16a565f8928ded2811ca537b2d3a29c51df0aa0e591231a20","size":2046,"path":"media/graph/graph_0_summary_0dc6f5fde2f749a16a56.graph.json","_type":"graph-file"},"epoch":50,"_runtime":2.292485489,"train_r2":0.3425213694572449,"val_loss":110507.4921875,"train_loss_epoch":135913.921875,"parameters/network.0.weight":{"_type":"histogram","values":[3,2,5,5,4,4,10,20,18,15,9,16,20,28,21,17,16,18,27,17,15,26,26,25,20,22,23,16,20,28,22,19,20,22,19,22,26,28,19,20,9,17,16,16,16,14,17,20,16,9,13,17,7,7,3,10,4,3,7,5,2,6,1,2],"bins":[-0.2969813346862793,-0.2868191599845886,-0.27665698528289795,-0.2664948105812073,-0.2563326358795166,-0.24617047607898712,-0.23600830137729645,-0.22584612667560577,-0.2156839519739151,-0.20552177727222443,-0.19535960257053375,-0.18519742786884308,-0.1750352680683136,-0.16487309336662292,-0.15471091866493225,-0.14454874396324158,-0.1343865692615509,-0.12422439455986023,-0.11406221985816956,-0.10390005260705948,-0.0937378779053688,-0.08357570320367813,-0.07341353595256805,-0.06325136125087738,-0.05308918654918671,-0.04292701184749603,-0.03276484087109566,-0.022602668032050133,-0.012440495193004608,-0.0022783223539590836,0.007883850485086441,0.018046023324131966,0.028208166360855103,0.038370341062545776,0.04853251203894615,0.05869468301534653,0.0688568577170372,0.07901903241872787,0.08918119966983795,0.09934337437152863,0.1095055490732193,0.11966772377490997,0.12982989847660065,0.13999207317829132,0.1501542329788208,0.16031640768051147,0.17047858238220215,0.18064075708389282,0.1908029317855835,0.20096510648727417,0.21112728118896484,0.22128945589065552,0.2314516305923462,0.24161379039287567,0.25177597999572754,0.2619381546974182,0.2721003293991089,0.2822624742984772,0.29242464900016785,0.3025868237018585,0.3127489984035492,0.32291117310523987,0.33307334780693054,0.3432355225086212,0.3533976972103119]},"final/test_r2":0.4313441514968872,"parameters/network.3.bias":{"_type":"histogram","values":[1],"bins":[0.2050163298845291,0.2050163298845291]},"parameters/network.0.bias":{"_type":"histogram","values":[1,0,0,0,0,0,0,0,0,2,0,0,0,1,2,2,0,0,3,0,0,2,1,1,0,0,0,0,1,3,0,1,3,0,1,2,2,1,1,3,3,1,1,3,1,0,1,0,1,1,1,1,0,0,1,0,1,0,0,0,0,0,0,1],"bins":[-0.3056081235408783,-0.2957722246646881,-0.28593629598617554,-0.27610039710998535,-0.2662644684314728,-0.2564285695552826,-0.2465926557779312,-0.23675674200057983,-0.22692082822322845,-0.21708491444587708,-0.2072490006685257,-0.19741308689117432,-0.18757718801498413,-0.17774127423763275,-0.16790536046028137,-0.15806944668293,-0.1482335329055786,-0.13839761912822723,-0.12856170535087585,-0.11872579902410507,-0.10888988524675369,-0.09905397146940231,-0.08921806514263153,-0.07938215136528015,-0.06954623758792877,-0.05971032381057739,-0.04987441375851631,-0.04003850370645523,-0.03020258992910385,-0.02036667801439762,-0.010530766099691391,-0.0006948541849851608,0.009141087532043457,0.018976999446749687,0.028812911361455917,0.038648821413517,0.04848473519086838,0.05832064896821976,0.06815655529499054,0.07799246907234192,0.0878283828496933,0.09766429662704468,0.10750021040439606,0.11733611673116684,0.12717202305793762,0.137007936835289,0.14684385061264038,0.15667976438999176,0.16651567816734314,0.17635159194469452,0.1861875057220459,0.19602341949939728,0.20585933327674866,0.21569523215293884,0.22553114593029022,0.2353670597076416,0.24520297348499298,0.25503888726234436,0.26487478613853455,0.2747107148170471,0.2845466136932373,0.2943825423717499,0.30421844124794006,0.31405436992645264,0.3238902688026428]},"test_r2":0.4313441514968872,"val_r2":0.4313441514968872,"test_mse":110507.4921875,"lr-RMSprop":0.001,"parameters/network.3.weight":{"values":[1,0,0,0,0,1,0,2,1,0,1,0,1,1,0,3,0,0,1,0,1,3,2,0,0,1,1,2,1,0,1,0,0,0,1,0,2,4,1,1,1,0,3,0,1,2,0,3,0,2,0,1,0,1,0,1,0,0,0,0,1,0,0,1],"bins":[-0.1999744325876236,-0.19347195327281952,-0.18696947395801544,-0.18046699464321136,-0.1739645153284073,-0.1674620360136032,-0.16095955669879913,-0.15445707738399506,-0.14795461297035217,-0.1414521336555481,-0.13494965434074402,-0.12844717502593994,-0.12194469571113586,-0.11544221639633179,-0.10893973708152771,-0.10243725776672363,-0.09593477845191956,-0.08943229913711548,-0.0829298198223114,-0.07642734050750732,-0.06992486119270325,-0.06342238932847977,-0.05691991001367569,-0.05041743069887161,-0.043914951384067535,-0.03741247206926346,-0.03090999461710453,-0.024407517164945602,-0.017905037850141525,-0.011402559466660023,-0.00490008108317852,0.0016023973003029823,0.008104875683784485,0.014607354067265987,0.02110983245074749,0.027612309902906418,0.034114789217710495,0.04061726853251457,0.04711974412202835,0.05362222343683243,0.060124702751636505,0.06662718206644058,0.07312966138124466,0.07963214069604874,0.08613461256027222,0.0926370918750763,0.09913957118988037,0.10564205050468445,0.11214452981948853,0.1186470091342926,0.12514948844909668,0.13165196776390076,0.13815444707870483,0.1446569263935089,0.151159405708313,0.15766188502311707,0.16416436433792114,0.17066682875156403,0.1771693080663681,0.18367178738117218,0.19017426669597626,0.19667674601078033,0.2031792253255844,0.2096817046403885,0.21618418395519257],"_type":"histogram"},"final/test_mae":227.0223846435547,"final/best_val_loss":110507.4921875,"_timestamp":1.7503464751476166e+09}