{"parameters/network.3.weight":{"_type":"histogram","values":[1,0,0,0,1,0,0,0,2,0,1,1,0,0,0,1,0,1,3,0,1,0,1,1,1,1,2,1,1,1,1,2,0,0,0,0,0,1,1,2,1,1,1,1,4,0,2,0,1,0,1,2,1,3,1,0,0,0,1,0,0,0,1,1],"bins":[-0.2518603205680847,-0.24437931180000305,-0.2368982881307602,-0.22941727936267853,-0.22193625569343567,-0.214455246925354,-0.20697423815727234,-0.19949321448802948,-0.19201220571994781,-0.18453119695186615,-0.1770501732826233,-0.16956916451454163,-0.16208815574645996,-0.1546071320772171,-0.14712612330913544,-0.13964509963989258,-0.1321640908718109,-0.12468307465314865,-0.11720205843448639,-0.10972104966640472,-0.10224003344774246,-0.0947590172290802,-0.08727800846099854,-0.07979699224233627,-0.07231597602367401,-0.06483495980501175,-0.057353947311639786,-0.04987293481826782,-0.04239191859960556,-0.0349109023809433,-0.027429889887571335,-0.019948875531554222,-0.012467876076698303,-0.0049868617206811905,0.0024941526353359222,0.009975166991353035,0.017456181347370148,0.02493719570338726,0.03241821005940437,0.03989922255277634,0.0473802387714386,0.05486125499010086,0.062342267483472824,0.06982327997684479,0.07730429619550705,0.08478531241416931,0.09226632118225098,0.09974733740091324,0.1072283536195755,0.11470936983823776,0.12219038605690002,0.1296713948249817,0.13715240359306335,0.1446334272623062,0.15211443603038788,0.15959545969963074,0.1670764684677124,0.17455747723579407,0.18203850090503693,0.1895195096731186,0.19700053334236145,0.20448154211044312,0.21196255087852478,0.21944357454776764,0.2269245833158493]},"test_mae":219.67086791992188,"final/test_r2":0.4738268256187439,"val_mae":217.97817993164062,"final/best_val_loss":102251.796875,"epoch":50,"train_mae":204.52467346191406,"parameters/network.0.weight":{"values":[1,0,0,2,1,2,3,6,6,2,10,14,22,16,13,13,14,33,19,16,24,33,14,21,21,27,26,31,24,22,26,21,24,30,18,25,18,23,23,33,20,10,23,18,12,20,22,12,16,13,14,19,16,9,10,5,6,4,8,2,3,7,2,2],"bins":[-0.3587951362133026,-0.34747257828712463,-0.33615002036094666,-0.3248274624347687,-0.3135049045085907,-0.3021823465824127,-0.29085978865623474,-0.27953723073005676,-0.2682146728038788,-0.2568921148777008,-0.24556955695152283,-0.23424699902534485,-0.22292444109916687,-0.2116018831729889,-0.2002793252468109,-0.18895676732063293,-0.17763420939445496,-0.16631165146827698,-0.154989093542099,-0.14366653561592102,-0.13234397768974304,-0.12102141976356506,-0.10969886183738708,-0.0983763039112091,-0.08705374598503113,-0.07573118805885315,-0.06440863013267517,-0.05308607220649719,-0.041763514280319214,-0.030440956354141235,-0.019118398427963257,-0.007795840501785278,0.003526747226715088,0.014849305152893066,0.026171863079071045,0.03749442100524902,0.048816978931427,0.06013953685760498,0.07146209478378296,0.08278465270996094,0.09410721063613892,0.1054297685623169,0.11675232648849487,0.12807488441467285,0.13939744234085083,0.1507200002670288,0.1620425581932068,0.17336511611938477,0.18468767404556274,0.19601023197174072,0.2073327898979187,0.21865534782409668,0.22997790575027466,0.24130046367645264,0.2526230216026306,0.2639455795288086,0.2752681374549866,0.28659069538116455,0.29791325330734253,0.3092358112335205,0.3205583691596985,0.33188092708587646,0.34320348501205444,0.3545260429382324,0.3658486008644104],"_type":"histogram"},"train_loss_epoch":106212.0234375,"final/test_mae":219.67086791992188,"train_mse":106212.0234375,"_step":201,"val_mse":103159.265625,"parameters/network.3.bias":{"_type":"histogram","values":[1],"bins":[0.19182837009429932,0.19182837009429932]},"test_r2":0.4738268256187439,"parameters/network.0.bias":{"values":[2,0,0,0,0,0,0,0,1,0,0,0,0,1,1,1,1,0,2,1,1,1,3,0,0,0,0,1,1,2,1,1,3,0,1,0,0,1,2,5,2,2,2,0,2,0,0,0,2,3,1,0,0,0,1,0,1,0,0,0,0,0,0,1],"bins":[-0.3049435317516327,-0.294976145029068,-0.2850087881088257,-0.275041401386261,-0.2650740444660187,-0.255106657743454,-0.24513928592205048,-0.23517191410064697,-0.22520452737808228,-0.21523715555667877,-0.20526978373527527,-0.19530241191387177,-0.18533504009246826,-0.17536766827106476,-0.16540028154850006,-0.15543290972709656,-0.14546553790569305,-0.13549816608428955,-0.12553079426288605,-0.11556341499090195,-0.10559603571891785,-0.09562866389751434,-0.08566129207611084,-0.07569391280412674,-0.06572654098272324,-0.055759165436029434,-0.04579178988933563,-0.03582441806793213,-0.025857042521238327,-0.015889666974544525,-0.0059222932904958725,0.004045081324875355,0.014012455940246582,0.023979831486940384,0.033947207033634186,0.04391457885503769,0.05388195440173149,0.06384932994842529,0.0738167017698288,0.0837840810418129,0.0937514528632164,0.1037188246846199,0.113686203956604,0.12365357577800751,0.133620947599411,0.14358831942081451,0.1535557061433792,0.16352307796478271,0.17349044978618622,0.18345782160758972,0.19342519342899323,0.20339258015155792,0.21335995197296143,0.22332732379436493,0.23329469561576843,0.24326206743717194,0.25322943925857544,0.26319682598114014,0.27316418290138245,0.28313156962394714,0.29309895634651184,0.30306631326675415,0.31303369998931885,0.32300105690956116,0.33296844363212585],"_type":"histogram"},"val_r2":0.4691570997238159,"graph_0":{"_type":"graph-file","sha256":"6d7444ce6da0978717de362b7a50a22505453f516cceb92e67255a1cb0a7d656","size":2046,"path":"media/graph/graph_0_summary_6d7444ce6da0978717de.graph.json"},"lr-RMSprop":0.001,"_runtime":2.506812092,"train_loss_step":106212.0234375,"_wandb":{"runtime":4},"val_loss":103159.265625,"final/test_loss":102251.796875,"train_r2":0.48620325326919556,"test_loss":102251.796875,"test_mse":102251.796875,"trainer/global_step":50,"_timestamp":1.750347523790212e+09}