{"_step":201,"final/test_r2":-1.382627010345459,"parameters/network.8.bias":{"values":[1],"bins":[0.26874426007270813,0.26874426007270813],"_type":"histogram"},"lr-RMSprop":0.001,"graph_0":{"_type":"graph-file","sha256":"24949c2909d6044eb7ce4a474b446c64e2331c39386762a25d1ff46e2dd03ddb","size":3053,"path":"media/graph/graph_0_summary_24949c2909d6044eb7ce.graph.json"},"train_mse":499954.28125,"val_mse":464257.75,"parameters/network.0.weight":{"_type":"histogram","values":[1,0,1,0,3,4,7,10,6,17,17,13,21,25,20,26,26,32,23,40,26,31,40,29,31,42,25,27,28,30,28,25,17,30,26,29,19,32,32,30,31,23,17,24,28,22,27,24,22,26,24,21,12,10,6,6,8,5,7,2,1,0,0,1],"bins":[-0.33444449305534363,-0.32385578751564026,-0.3132670521736145,-0.30267834663391113,-0.29208964109420776,-0.2815009355545044,-0.27091220021247864,-0.26032349467277527,-0.2497347891330719,-0.23914606869220734,-0.22855734825134277,-0.2179686427116394,-0.20737992227077484,-0.19679121673107147,-0.1862024962902069,-0.17561379075050354,-0.16502507030963898,-0.15443634986877441,-0.14384764432907104,-0.13325892388820648,-0.12267021834850311,-0.11208149790763855,-0.10149278491735458,-0.09090407192707062,-0.08031535893678665,-0.06972664594650269,-0.05913793295621872,-0.048549216240644455,-0.03796050325036049,-0.027371790260076523,-0.016783075407147408,-0.006194361485540867,0.004394352436065674,0.014983066357672215,0.025571780279278755,0.03616049513220787,0.04674920812249184,0.0573379211127758,0.06792663782835007,0.07851535081863403,0.089104063808918,0.09969277679920197,0.11028148978948593,0.1208702027797699,0.13145892322063446,0.14204762876033783,0.1526363492012024,0.16322505474090576,0.17381377518177032,0.1844024956226349,0.19499120116233826,0.20557992160320282,0.2161686271429062,0.22675734758377075,0.23734605312347412,0.24793477356433868,0.25852349400520325,0.2691121995449066,0.27970090508461,0.29028964042663574,0.3008783459663391,0.3114670515060425,0.32205575704574585,0.3326444923877716,0.343233197927475]},"parameters/network.0.bias":{"values":[2,1,0,1,2,1,0,0,0,1,2,0,1,1,1,1,0,1,0,0,2,0,1,4,0,1,1,1,0,2,1,0,4,0,2,2,1,4,2,2,1,0,0,0,3,0,2,0,1,1,3,0,1,2,0,1,0,1,2,0,0,0,0,1],"bins":[-0.22903257608413696,-0.22137221693992615,-0.21371185779571533,-0.20605149865150452,-0.1983911395072937,-0.19073079526424408,-0.18307043612003326,-0.17541007697582245,-0.16774971783161163,-0.16008935868740082,-0.15242899954319,-0.1447686403989792,-0.13710829615592957,-0.12944793701171875,-0.12178757786750793,-0.11412721872329712,-0.1064668595790863,-0.09880650043487549,-0.09114614129066467,-0.08348578959703445,-0.07582543045282364,-0.06816507130861282,-0.060504715889692307,-0.05284436047077179,-0.045184001326560974,-0.03752364218235016,-0.02986328676342964,-0.022202929481863976,-0.01454257220029831,-0.006882214918732643,0.0007781423628330231,0.00843849964439869,0.016098856925964355,0.02375921420753002,0.03141957148909569,0.039079926908016205,0.04674028605222702,0.054400645196437836,0.06206100061535835,0.06972135603427887,0.07738171517848969,0.0850420743227005,0.09270243346691132,0.10036278516054153,0.10802314430475235,0.11568350344896317,0.12334385514259338,0.1310042142868042,0.13866457343101501,0.14632493257522583,0.15398529171943665,0.16164565086364746,0.16930601000785828,0.1769663542509079,0.1846267133951187,0.19228707253932953,0.19994743168354034,0.20760779082775116,0.21526814997196198,0.2229285091161728,0.2305888533592224,0.23824921250343323,0.24590957164764404,0.25356993079185486,0.2612302899360657],"_type":"histogram"},"parameters/network.4.bias":{"bins":[-0.1769910305738449,-0.1735389679670334,-0.17008690536022186,-0.16663484275341034,-0.16318278014659882,-0.1597307175397873,-0.15627865493297577,-0.15282659232616425,-0.14937452971935272,-0.1459224671125412,-0.14247040450572968,-0.13901834189891815,-0.13556627929210663,-0.1321142166852951,-0.12866215407848358,-0.12521009147167206,-0.12175802886486053,-0.11830596625804901,-0.11485390365123749,-0.11140184104442596,-0.10794977843761444,-0.10449771583080292,-0.1010456532239914,-0.09759359061717987,-0.09414152801036835,-0.09068946540355682,-0.0872374027967453,-0.08378534018993378,-0.08033327758312225,-0.07688121497631073,-0.0734291523694992,-0.06997708976268768,-0.06652502715587616,-0.06307296454906464,-0.05962090194225311,-0.05616883933544159,-0.052716776728630066,-0.04926471412181854,-0.04581265151500702,-0.042360588908195496,-0.03890852630138397,-0.03545646369457245,-0.032004401087760925,-0.028552338480949402,-0.02510027587413788,-0.021648213267326355,-0.01819615066051483,-0.014744088053703308,-0.011292025446891785,-0.007839962840080261,-0.004387900233268738,-0.0009358376264572144,0.002516224980354309,0.0059682875871658325,0.009420350193977356,0.01287241280078888,0.016324475407600403,0.019776538014411926,0.02322860062122345,0.026680663228034973,0.030132725834846497,0.03358478844165802,0.03703685104846954,0.04048891365528107,0.04394097626209259],"_type":"histogram","values":[1,0,0,0,0,0,0,0,0,0,0,0,1,0,0,0,0,0,0,1,0,0,0,0,0,0,0,0,0,0,0,0,0,0,0,0,0,0,0,0,0,0,0,0,0,0,0,0,0,0,0,0,0,0,0,0,0,0,0,0,0,0,0,1]},"parameters/network.5.weight":{"_type":"histogram","values":[1,0,0,0,0,0,0,0,0,0,0,0,0,0,0,0,0,0,0,0,0,0,0,0,0,0,0,0,0,0,0,0,0,0,0,0,0,0,0,0,0,0,0,0,0,0,0,0,0,0,0,0,0,0,0,0,0,0,0,0,0,2,0,1],"bins":[0.9062573313713074,0.9101594686508179,0.9140615463256836,0.9179636836051941,0.9218658208847046,0.9257678985595703,0.9296700358390808,0.9335721135139465,0.937474250793457,0.9413763880729675,0.9452784657478333,0.9491806030273438,0.9530827403068542,0.95698481798172,0.9608869552612305,0.964789092540741,0.9686911702156067,0.9725933074951172,0.9764954447746277,0.9803975224494934,0.9842996597290039,0.9882017374038696,0.9921038746833801,0.9960060119628906,0.9999080896377563,1.0038102865219116,1.0077123641967773,1.011614441871643,1.0155165195465088,1.019418716430664,1.0233207941055298,1.0272228717803955,1.0311250686645508,1.0350271463394165,1.0389292240142822,1.0428314208984375,1.0467334985733032,1.050635576248169,1.0545377731323242,1.05843985080719,1.0623419284820557,1.066244125366211,1.0701462030410767,1.0740482807159424,1.0779504776000977,1.0818525552749634,1.085754632949829,1.0896568298339844,1.09355890750885,1.0974609851837158,1.101363182067871,1.1052652597427368,1.1091673374176025,1.1130694150924683,1.1169716119766235,1.1208736896514893,1.124775767326355,1.1286779642105103,1.132580041885376,1.1364821195602417,1.140384316444397,1.1442863941192627,1.1481884717941284,1.1520906686782837,1.1559927463531494]},"train_mae":542.3076782226562,"trainer/global_step":50,"parameters/network.5.bias":{"_type":"histogram","values":[1,0,0,0,0,0,0,0,0,0,0,0,0,0,0,0,0,0,0,0,0,0,0,0,0,0,0,0,0,0,0,0,0,0,0,0,0,0,0,0,0,0,0,0,0,0,0,0,0,0,0,0,0,0,0,0,0,0,0,0,1,0,1,1],