{"epoch":50,"final/best_val_loss":457783.25,"parameters/network.0.weight":{"values":[3,1,3,5,3,2,4,1,11,10,11,6,3,7,8,15,12,17,14,17,20,25,20,13,20,13,14,21,19,33,18,17,34,24,26,32,16,28,19,27,26,27,23,21,25,13,17,10,14,22,16,9,14,11,12,11,10,14,12,9,18,17,5,2],"bins":[-0.38901254534721375,-0.3764711022377014,-0.3639296889305115,-0.35138824582099915,-0.3388468325138092,-0.3263053894042969,-0.31376397609710693,-0.3012225329875946,-0.2886810898780823,-0.27613967657089233,-0.26359823346138,-0.25105682015419006,-0.23851537704467773,-0.2259739488363266,-0.21343252062797546,-0.20089109241962433,-0.1883496642112732,-0.17580823600292206,-0.16326680779457092,-0.1507253795862198,-0.13818395137786865,-0.12564250826835632,-0.11310108006000519,-0.10055965185165405,-0.08801822364330292,-0.07547679543495178,-0.06293536722660065,-0.050393931567668915,-0.03785250335931778,-0.025311073288321495,-0.01276964321732521,-0.00022821314632892609,0.012313246726989746,0.02485467679798603,0.037396106868982315,0.04993753880262375,0.062478967010974884,0.07502039521932602,0.08756183087825775,0.10010325908660889,0.11264468729496002,0.12518611550331116,0.1377275437116623,0.15026897192001343,0.16281041502952576,0.1753518432378769,0.18789327144622803,0.20043469965457916,0.2129761278629303,0.22551755607128143,0.23805898427963257,0.2506004273891449,0.26314184069633484,0.27568328380584717,0.2882246971130371,0.30076614022254944,0.31330758333206177,0.3258489966392517,0.33839043974876404,0.350931853055954,0.3634732961654663,0.37601470947265625,0.3885561525821686,0.4010975658893585,0.41363900899887085],"_type":"histogram"},"lr-RMSprop":0.001,"trainer/global_step":50,"train_mae":537.524658203125,"train_loss_step":492661.65625,"final/test_mae":515.6593627929688,"train_r2":-1.383232593536377,"_wandb":{"runtime":2},"parameters/network.3.bias":{"_type":"histogram","values":[1],"bins":[0.26873350143432617,0.26873350143432617]},"final/test_r2":-1.3556876182556152,"val_mae":515.6593627929688,"test_mae":515.6593627929688,"graph_0":{"_type":"graph-file","sha256":"19736f2027a68e9c0d6bdf073c8f6ec1d3767ce0044a22a83e869c06ac645bc7","size":2046,"path":"media/graph/graph_0_summary_19736f2027a68e9c0d6b.graph.json"},"test_r2":-1.3556876182556152,"_timestamp":1.7503505061787467e+09,"parameters/network.0.bias":{"bins":[-0.2741083800792694,-0.2641615569591522,-0.25421473383903503,-0.24426791071891785,-0.23432108759880066,-0.22437424957752228,-0.2144274264574051,-0.2044806033372879,-0.19453378021717072,-0.18458695709705353,-0.17464013397693634,-0.16469331085681915,-0.15474647283554077,-0.14479964971542358,-0.1348528265953064,-0.12490600347518921,-0.11495918035507202,-0.10501235723495483,-0.09506553411483765,-0.08511870354413986,-0.07517188042402267,-0.06522505730390549,-0.055278230458498,-0.045331403613090515,-0.03538458049297333,-0.02543775551021099,-0.015490930527448654,-0.0055441055446863174,0.004402719438076019,0.014349544420838356,0.024296369403600693,0.03424319624900818,0.044190019369125366,0.054136842489242554,0.06408366560935974,0.07403049618005753,0.08397731930017471,0.0939241424202919,0.10387097299098969,0.11381779611110687,0.12376461923122406,0.13371144235134125,0.14365826547145844,0.15360508859157562,0.163551926612854,0.1734987497329712,0.18344557285308838,0.19339239597320557,0.20333921909332275,0.21328604221343994,0.22323286533355713,0.23317968845367432,0.2431265115737915,0.2530733346939087,0.2630201578140259,0.27296698093414307,0.28291380405426025,0.29286065697669983,0.302807480096817,0.3127543032169342,0.3227011263370514,0.3326479494571686,0.34259477257728577,0.35254159569740295,0.36248841881752014],"_type":"histogram","values":[2,0,0,1,0,0,0,0,0,0,0,0,2,0,0,0,2,1,1,1,0,0,1,0,1,2,2,1,2,1,0,0,0,0,0,2,0,1,2,2,4,1,3,3,0,0,2,0,1,3,0,0,0,1,0,0,0,2,0,0,0,0,1,2]},"val_loss":457783.25,"train_mse":492661.625,"train_loss_epoch":492661.625,"_runtime":2.142682349,"final/test_loss":457783.25,"test_loss":457783.25,"val_r2":-1.3556876182556152,"_step":201,"test_mse":457783.25,"parameters/network.3.weight":{"bins":[-0.05237210914492607,-0.04676636680960655,-0.041160620748996735,-0.035554878413677216,-0.029949136078357697,-0.024343393743038177,-0.01873764954507351,-0.013131906278431416,-0.007526163011789322,-0.0019204197451472282,0.0036853235214948654,0.009291066788136959,0.014896810054779053,0.020502552390098572,0.02610829658806324,0.03171404078602791,0.03731978312134743,0.042925525456666946,0.048531271517276764,0.05413701385259628,0.0597427561879158,0.06534849852323532,0.07095424085855484,0.07655998319387436,0.08216573297977448,0.087771475315094,0.09337721765041351,0.09898295998573303,0.10458870232105255,0.11019444465637207,0.11580018699169159,0.12140592932701111,0.12701168656349182,0.13261742889881134,0.13822317123413086,0.14382891356945038,0.1494346559047699,0.15504039824008942,0.16064614057540894,0.16625188291072845,0.17185762524604797,0.1774633824825287,0.1830691248178482,0.18867486715316772,0.19428060948848724,0.19988635182380676,0.20549209415912628,0.2110978364944458,0.21670357882976532,0.22230932116508484,0.22791506350040436,0.23352080583572388,0.2391265481710434,0.24473229050636292,0.25033804774284363,0.25594377517700195,0.26154953241348267,0.267155259847641,0.2727610170841217,0.27836674451828003,0.28397250175476074,0.28957822918891907,0.2951839864253998,0.3007897138595581,0.3063954710960388],"_type":"histogram","values":[1,1,3,0,1,0,0,0,3,0,2,2,1,0,3,0,0,0,1,1,0,0,0,2,1,1,0,0,0,0,0,0,0,2,1,0,0,0,0,2,0,3,2,0,1,3,1,0,1,3,1,2,1,0,1,0,0,0,0,1,1,0,0,1]},"val_mse":457783.25}