{"test_mse":509094.625,"final/test_loss":509094.625,"train_loss_epoch":423157.21875,"val_r2":-1.1198110580444336,"final/test_mae":531.8348388671875,"parameters/network.0.bias":{"values":[1,1,1,0,0,0,1,0,0,1,0,2,1,0,0,0,2,0,0,0,0,0,0,1,1,2,0,0,2,1,2,2,0,0,0,1,0,1,1,1,1,2,4,1,4,0,2,0,2,0,1,2,1,0,0,0,0,1,1,0,0,1,1,1],"bins":[-0.14292994141578674,-0.1319776326417923,-0.12102531641721725,-0.11007300019264221,-0.09912069141864777,-0.08816838264465332,-0.07721606642007828,-0.06626375019550323,-0.05531144142150879,-0.044359128922224045,-0.0334068164229393,-0.022454503923654556,-0.011502191424369812,-0.0005498789250850677,0.010402433574199677,0.02135474607348442,0.032307058572769165,0.04325937107205391,0.054211683571338654,0.0651639997959137,0.07611630856990814,0.08706861734390259,0.09802093356847763,0.10897324979305267,0.11992555856704712,0.13087786734104156,0.141830176115036,0.15278249979019165,0.1637348085641861,0.17468711733818054,0.18563944101333618,0.19659174978733063,0.20754408836364746,0.2184963971376419,0.22944870591163635,0.240401029586792,0.25135332345962524,0.2623056471347809,0.2732579708099365,0.2842102646827698,0.2951625883579254,0.30611491203308105,0.3170672059059143,0.32801952958106995,0.3389718532562256,0.34992414712905884,0.3608764708042145,0.37182876467704773,0.38278108835220337,0.393733412027359,0.40468570590019226,0.4156380295753479,0.42659032344818115,0.4375426471233368,0.44849497079849243,0.4594472646713257,0.4703995883464813,0.48135191202163696,0.4923042058944702,0.5032564997673035,0.5142088532447815,0.5251611471176147,0.536113440990448,0.547065794467926,0.5580180883407593],"_type":"histogram"},"parameters/network.3.bias":{"_type":"histogram","values":[1],"bins":[0.3977290987968445,0.3977290987968445]},"final/test_r2":-1.1198110580444336,"val_mae":531.8348388671875,"lr-Adam":0.001,"gradients/network.0.weight":{"_type":"histogram","values":[1,0,0,0,0,0,1,0,2,5,1,6,6,6,7,8,7,7,14,10,14,16,7,15,10,16,15,14,18,22,13,13,19,33,28,30,41,53,95,102,63,57,52,38,21,21,15,7,6,2,4,1,0,2,2,0,0,2,0,0,0,1,0,1],"bins":[-500.6348571777344,-487.784423828125,-474.93402099609375,-462.0835876464844,-449.233154296875,-436.38275146484375,-423.5323181152344,-410.681884765625,-397.83148193359375,-384.9810485839844,-372.130615234375,-359.2801818847656,-346.4297790527344,-333.579345703125,-320.7289123535156,-307.8785095214844,-295.028076171875,-282.1776428222656,-269.3272399902344,-256.476806640625,-243.62637329101562,-230.7759552001953,-217.925537109375,-205.07510375976562,-192.2246856689453,-179.374267578125,-166.52383422851562,-153.6734161376953,-140.822998046875,-127.97256469726562,-115.12214660644531,-102.27172088623047,-89.42129516601562,-76.57086944580078,-63.7204475402832,-50.870025634765625,-38.01959991455078,-25.16917610168457,-12.31875228881836,0.5316715240478516,13.382095336914062,26.232519149780273,39.082942962646484,51.93336486816406,64.7837905883789,77.63421630859375,90.48463439941406,103.3350601196289,116.18548583984375,129.03590393066406,141.88633728027344,154.73675537109375,167.58718872070312,180.43760681152344,193.28802490234375,206.13845825195312,218.98887634277344,231.83929443359375,244.68972778320312,257.5401611328125,270.39056396484375,283.2409973144531,296.0914306640625,308.94183349609375,321.7922668457031]},"_step":451,"train_mse":423157.21875,"parameters/network.0.weight":{"values":[1,2,1,2,1,4,10,6,10,5,9,5,10,8,18,13,15,7,21,17,9,19,15,11,16,24,14,17,15,19,14,18,20,22,28,22,14,15,30,29,23,31,31,31,21,21,17,20,25,18,18,19,18,17,10,15,15,13,12,14,14,8,2,1],"bins":[-0.5526912808418274,-0.5349384546279907,-0.517185628414154,-0.4994328022003174,-0.4816799759864807,-0.46392714977264404,-0.4461743235588074,-0.4284214973449707,-0.41066867113113403,-0.392915815114975,-0.3751629889011383,-0.35741016268730164,-0.33965733647346497,-0.3219045102596283,-0.3041516840457916,-0.28639885783195496,-0.2686460316181183,-0.2508932054042816,-0.23314037919044495,-0.21538755297660828,-0.1976347267627716,-0.17988188564777374,-0.16212905943393707,-0.1443762332201004,-0.12662340700626373,-0.10887058079242706,-0.0911177545785904,-0.07336492091417313,-0.055612094700336456,-0.037859268486499786,-0.020106438547372818,-0.002353610470890999,0.01539921760559082,0.03315204381942749,0.05090487375855446,0.06865770369768143,0.0864105299115181,0.10416335612535477,0.12191618978977203,0.1396690160036087,0.15742184221744537,0.17517466843128204,0.1929274946451187,0.21068032085895538,0.22843316197395325,0.24618598818778992,0.2639388144016266,0.28169164061546326,0.2994444668292999,0.3171972930431366,0.33495011925697327,0.35270294547080994,0.3704557716846466,0.3882085978984833,0.40596142411231995,0.4237142503261566,0.4414671063423157,0.45921993255615234,0.476972758769989,0.4947255849838257,0.5124784111976624,0.530231237411499,0.5479840636253357,0.5657368898391724,0.583489716053009],"_type":"histogram"},"gradients/network.3.bias":{"bins":[-902.3775634765625,-902.3775634765625],"_type":"histogram","values":[1]},"trainer/global_step":300,"_runtime":4.075332776,"graph_0":{"_type":"graph-file","sha256":"7a9a30c6fbbb9db6b8a5185ae25c8f561c1f54f61b3062010a538cc1c0541e61","size":2046,"path":"media/graph/graph_0_summary_7a9a30c6fbbb9db6b8a5.graph.json"},"train_r2":-1.3011891841888428,"train_mae":502.05419921875,"gradients/network.0.bias":{"_type":"histogram","values":[1,0,0,0,0,0,0,0,0,0,0,1,0,1,1,0,3,1,0,1,1,1,1,0,0,2,0,0,4,0,2,0,1,0,2,2,2,1,1,1,1,1,1,1,2,0,2,0,2,0,1,1,1,0,0,0,1,1,0,0,1,2,1,1],"bins":[-403.80694580078125,-397.519775390625,-391.2326354980469,-384.9454650878906,-378.6583251953125,-372.37115478515625,-366.083984375,-359.7968444824219,-353.5096740722656,-347.2225341796875,-340.93536376953125,-334.648193359375,-328.3610534667969,-322.0738830566406,-315.7867126464844,-309.49957275390625,-303.21240234375,-296.9252624511719,-290.6380920410156,-284.3509216308594,-278.06378173828125,-271.776611328125,-265.4894714355469,-259.2023010253906,-252.91514587402344,-246.62799072265625,-240.3408203125,-234.0536651611328,-227.76651000976562,-221.47935485839844,-215.1921844482422,-208.905029296875,-202.6178741455078,-196.33071899414062,-190.04356384277344,-183.75640869140625,-177.46925354003906,-171.1820831298828,-164.89492797851562,-158.60777282714844,-152.32061767578125,-146.033447265625,-139.7462921142578,-133.45913696289062,-127.17198181152344,-120.88481903076172,-114.59766387939453,-108.31050109863281,-102.02334594726562,-95.7361831665039,-89.44902801513672,-83.161865234375,-76.87471008300781,-70.58755493164062,-64.3003921508789,-58.01323699951172,-51.726078033447266,-45.43891906738281,-39.15176010131836,-32.864601135253906,-26.577442169189453,-20.290283203125,-14.00312614440918,-7.715967178344727,-1.4288086891174316]},"test_mae":531.8348388671875,"final/best_val_loss":509094.625,"_wandb":{"runtime":4},"val_loss":509094.625,"val_mse":509094.625,