{"parameters/network.0.bias":{"bins":[-0.21506258845329285,-0.2076096087694168,-0.20015661418437958,-0.19270363450050354,-0.1852506548166275,-0.17779766023159027,-0.17034468054771423,-0.1628917008638382,-0.15543870627880096,-0.14798572659492493,-0.1405327469110489,-0.13307975232601166,-0.12562677264213562,-0.11817378550767899,-0.11072079837322235,-0.10326781868934631,-0.09581483155488968,-0.08836184442043304,-0.080908864736557,-0.07345587760210037,-0.06600289046764374,-0.0585499070584774,-0.051096923649311066,-0.04364393651485443,-0.036190953105688095,-0.02873796783387661,-0.021284982562065125,-0.013831999152898788,-0.006379013881087303,0.0010739709250628948,0.008526955731213093,0.015979940071702003,0.02343292534351349,0.030885910615324974,0.03833889588713646,0.045791879296302795,0.05324486643075943,0.060697849839925766,0.0681508332490921,0.07560382038354874,0.08305680751800537,0.09050978720188141,0.09796277433633804,0.10541576147079468,0.11286874115467072,0.12032172828912735,0.12777471542358398,0.13522769510746002,0.14268067479133606,0.1501336693763733,0.15758664906024933,0.16503964364528656,0.1724926233291626,0.17994560301303864,0.18739859759807587,0.1948515772819519,0.20230455696582794,0.20975755155086517,0.2172105312347412,0.22466351091861725,0.23211650550365448,0.23956948518753052,0.24702246487140656,0.2544754445552826,0.2619284391403198],"_type":"histogram","values":[1,0,0,0,0,1,0,0,0,0,0,1,0,0,1,0,2,0,0,0,0,0,0,1,0,0,0,0,0,1,0,1,0,0,0,0,1,0,0,0,0,0,0,1,1,0,1,1,0,1,0,0,0,1,0,0,0,1,0,0,0,0,0,2]},"test_mae":519.0965576171875,"val_mae":519.6340942382812,"test_mse":463044.46875,"val_mse":463430.15625,"train_r2":-1.41316556930542,"test_loss":463044.46875,"final/best_val_loss":463044.46875,"parameters/network.1.weight":{"values":[2,0,0,0,1,1,0,0,0,1,0,1,0,0,0,0,0,0,0,0,0,0,0,0,0,0,0,0,0,0,0,0,0,0,0,0,0,1,0,0,0,1,0,0,0,0,0,0,0,0,0,0,1,0,1,2,1,1,3,1,0,0,0,1],"bins":[0.8933451771736145,0.8980752825737,0.9028053879737854,0.9075354337692261,0.9122655391693115,0.916995644569397,0.9217257499694824,0.9264558553695679,0.9311859011650085,0.935916006565094,0.9406461119651794,0.9453762173652649,0.9501063227653503,0.954836368560791,0.9595664739608765,0.9642965793609619,0.9690266847610474,0.9737567901611328,0.9784868359565735,0.9832169413566589,0.9879470467567444,0.9926771521568298,0.9974072575569153,1.002137303352356,1.0068674087524414,1.0115975141525269,1.0163276195526123,1.0210577249526978,1.0257878303527832,1.0305179357528687,1.0352479219436646,1.03997802734375,1.0447081327438354,1.049438238143921,1.0541683435440063,1.0588984489440918,1.0636285543441772,1.0683586597442627,1.0730887651443481,1.0778188705444336,1.0825488567352295,1.087278962135315,1.0920090675354004,1.0967391729354858,1.1014692783355713,1.1061993837356567,1.1109294891357422,1.1156595945358276,1.120389699935913,1.1251198053359985,1.1298497915267944,1.1345798969268799,1.1393100023269653,1.1440401077270508,1.1487702131271362,1.1535003185272217,1.1582304239273071,1.1629605293273926,1.167690634727478,1.1724207401275635,1.1771507263183594,1.1818808317184448,1.1866109371185303,1.1913410425186157,1.1960711479187012],"_type":"histogram"},"_timestamp":1.7503537677129252e+09,"final/test_loss":463044.46875,"train_loss_epoch":498849.375,"_runtime":2.279832522,"final/test_r2":-1.382761001586914,"_wandb":{"runtime":2},"train_loss_step":498849.375,"epoch":50,"graph_0":{"_type":"graph-file","sha256":"39942d20ff8f24ba476797d9e4572dc8407777fcad2c92fb85a1291f18d4b058","size":2295,"path":"media/graph/graph_0_summary_39942d20ff8f24ba4767.graph.json"},"_step":201,"parameters/network.0.weight":{"bins":[-0.3218252658843994,-0.3111262023448944,-0.3004271388053894,-0.2897281050682068,-0.2790290415287018,-0.2683299779891968,-0.25763094425201416,-0.24693188071250916,-0.23623281717300415,-0.22553375363349915,-0.21483470499515533,-0.20413565635681152,-0.19343659281730652,-0.1827375292778015,-0.1720384806394577,-0.1613394320011139,-0.1506403684616089,-0.13994130492210388,-0.12924225628376007,-0.11854320019483566,-0.10784414410591125,-0.09714508801698685,-0.08644603192806244,-0.07574697583913803,-0.06504791975021362,-0.054348863661289215,-0.04364980757236481,-0.0329507514834404,-0.02225169539451599,-0.011552639305591583,-0.0008535832166671753,0.009845472872257233,0.02054452896118164,0.03124358505010605,0.04194264113903046,0.052641697227954865,0.06334075331687927,0.07403980940580368,0.08473886549472809,0.0954379215836525,0.1061369776725769,0.11683603376150131,0.12753508985042572,0.13823413848876953,0.14893320202827454,0.15963226556777954,0.17033131420612335,0.18103036284446716,0.19172942638397217,0.20242848992347717,0.21312753856182098,0.2238265872001648,0.2345256507396698,0.2452247142791748,0.2559237480163574,0.2666228115558624,0.27732187509536743,0.28802093863487244,0.29872000217437744,0.30941903591156006,0.32011809945106506,0.33081716299057007,0.3415161967277527,0.3522152602672577,0.3629143238067627],"_type":"histogram","values":[1,0,0,3,1,5,6,3,4,6,5,4,2,4,5,5,6,4,10,9,7,8,10,8,12,12,6,10,7,14,11,7,12,6,6,10,9,11,9,14,5,6,5,8,8,4,8,1,6,8,5,3,2,2,1,2,3,3,1,2,2,2,0,2]},"parameters/network.1.bias":{"bins":[-0.10595786571502686,-0.10127771645784378,-0.0965975672006607,-0.09191741049289703,-0.08723726123571396,-0.08255711197853088,-0.07787695527076721,-0.07319680601358414,-0.06851665675640106,-0.06383650749921799,-0.059156354516744614,-0.05447620153427124,-0.049796052277088165,-0.04511590301990509,-0.04043575003743172,-0.035755597054958344,-0.03107544779777527,-0.026395296677947044,-0.02171514555811882,-0.017034994438290596,-0.012354843318462372,-0.007674692198634148,-0.0029945410788059235,0.0016856100410223007,0.006365761160850525,0.011045912280678749,0.015726063400506973,0.020406214520335197,0.02508636564016342,0.029766516759991646,0.03444666787981987,0.03912682086229324,0.043806955218315125,0.0484871044754982,0.05316725745797157,0.057847410440444946,0.06252755969762802,0.0672077089548111,0.07188786566257477,0.07656801491975784,0.08124816417694092,0.08592831343412399,0.09060846269130707,0.09528861939907074,0.09996876865625381,0.10464891791343689,0.10932907462120056,0.11400922387838364,0.11868937313556671,0.12336952239274979,0.12804967164993286,0.13272982835769653,0.1374099850654602,0.14209012687206268,0.14677028357982635,0.15145042538642883,0.1561305820941925,0.16081073880195618,0.16549088060855865,0.17017103731632233,0.1748511791229248,0.17953133583068848,0.18421149253845215,0.18889163434505463,0.1935717910528183],"_type":"histogram","values":[1,2,0,0,1,0,0,0,0,2,0,0,0,0,0,0,0,0,0,0,0,0,0,0,0,0,0,0,0,0,0,0,0,0,0,0,0,0,1,1,0,0,0,0,0,0,0,0,0,0,0,0,0,1,1,1,3,3,0,0,1,0,0,1]},"train_mse":498849.375,"parameters/network.4.weight":{"values":[1,0,0,1,0,0,0,0,1,0,0,0,1,0,0,1,1,0,0,0,0,0,0,0,0,1,0,1,0,0,0,0,0,0,0,2,0,0,0,0,0,1,1,0,0,0,1,0,0,0,1,0,1,1,1,0,0,0,1,0,0,0,0,1],