{"final/best_val_loss":464820.1875,"_timestamp":1.750353684391436e+09,"val_mse":464943.53125,"test_r2":-1.3918986320495605,"train_mae":542.8339233398438,"parameters/network.1.weight":{"_type":"histogram","values":[1,1,0,0,0,0,1,0,0,0,0,0,0,0,0,0,0,0,0,0,0,0,0,0,0,0,0,0,0,0,0,0,0,0,0,0,0,0,0,0,0,0,0,0,0,0,0,0,0,0,0,0,0,0,0,0,0,0,0,0,0,0,0,1],"bins":[0.8781159520149231,0.882531464099884,0.886946976184845,0.8913624882698059,0.8957779407501221,0.900193452835083,0.904608964920044,0.9090244770050049,0.9134399890899658,0.9178555011749268,0.9222710132598877,0.9266864657402039,0.9311019778251648,0.9355174899101257,0.9399330019950867,0.9443485140800476,0.9487640261650085,0.9531795382499695,0.9575949907302856,0.9620105028152466,0.9664260149002075,0.9708415269851685,0.9752570390701294,0.9796725511550903,0.9840880632400513,0.9885035157203674,0.9929190278053284,0.9973345398902893,1.001750111579895,1.0061655044555664,1.0105810165405273,1.0149965286254883,1.0194120407104492,1.0238275527954102,1.028243064880371,1.032658576965332,1.037074089050293,1.041489601135254,1.0459051132202148,1.0503206253051758,1.0547361373901367,1.0591516494750977,1.0635671615600586,1.06798255443573,1.072398066520691,1.0768135786056519,1.0812290906906128,1.0856446027755737,1.0900601148605347,1.0944756269454956,1.0988911390304565,1.1033066511154175,1.1077221632003784,1.1121376752853394,1.1165531873703003,1.1209686994552612,1.1253842115402222,1.1297996044158936,1.1342151165008545,1.1386306285858154,1.1430461406707764,1.1474616527557373,1.1518771648406982,1.1562926769256592,1.1607081890106201]},"parameters/network.0.weight":{"_type":"histogram","values":[1,0,1,0,0,2,1,1,0,3,2,2,0,1,0,2,2,0,2,4,1,2,1,1,1,3,2,0,0,2,2,2,0,1,2,0,0,1,1,2,5,4,0,3,3,0,3,0,3,0,0,3,3,0,0,0,0,0,0,0,0,0,0,1],"bins":[-0.29175421595573425,-0.28223973512649536,-0.2727252244949341,-0.2632107436656952,-0.2536962330341339,-0.24418173730373383,-0.23466724157333374,-0.22515274584293365,-0.21563825011253357,-0.20612376928329468,-0.1966092735528946,-0.1870947778224945,-0.17758028209209442,-0.16806578636169434,-0.15855129063129425,-0.14903679490089417,-0.13952229917049408,-0.130007803440094,-0.12049330770969391,-0.11097881197929382,-0.10146431624889374,-0.09194982796907425,-0.08243533223867416,-0.07292083650827408,-0.06340634077787399,-0.05389184504747391,-0.04437734931707382,-0.034862857311964035,-0.02534836158156395,-0.015833865851163864,-0.006319371983408928,0.003195122815668583,0.012709617614746094,0.02222411334514618,0.031738609075546265,0.04125310108065605,0.05076759681105614,0.06028209254145622,0.06979658454656601,0.0793110802769661,0.08882557600736618,0.09834007173776627,0.10785456746816635,0.11736906319856644,0.12688355147838593,0.136398047208786,0.1459125429391861,0.15542703866958618,0.16494153439998627,0.17445603013038635,0.18397052586078644,0.19348502159118652,0.2029995173215866,0.2125140130519867,0.22202850878238678,0.23154300451278687,0.24105748534202576,0.25057199597358704,0.2600864768028259,0.2696009874343872,0.2791154682636261,0.2886299788951874,0.29814445972442627,0.30765897035598755,0.31717345118522644]},"val_r2":-1.392533302307129,"_runtime":2.926496015,"train_loss_step":501125.28125,"epoch":50,"final/test_r2":-1.3918986320495605,"graph_0":{"_type":"graph-file","sha256":"558668fb8b649519c952c98c58e2101a6765df1c2d38ddba06d12bd460025079","size":2278,"path":"media/graph/graph_0_summary_558668fb8b649519c952.graph.json"},"final/test_mae":520.19287109375,"_wandb":{"runtime":3},"train_mse":501125.28125,"parameters/network.4.bias":{"bins":[0.4351162016391754,0.4351162016391754],"_type":"histogram","values":[1]},"test_loss":464820.1875,"val_loss":464943.53125,"parameters/network.1.bias":{"values":[1,1,1,0,0,0,0,0,0,0,0,0,0,0,0,0,0,0,0,0,0,0,0,0,0,0,0,0,0,0,0,0,0,0,0,0,0,0,0,0,0,0,0,0,0,0,0,0,0,0,0,0,0,0,0,0,0,0,0,0,0,0,0,1],"bins":[-0.11914940923452377,-0.11488866806030273,-0.1106279268860817,-0.10636717826128006,-0.10210643708705902,-0.09784569591283798,-0.09358495473861694,-0.0893242135643959,-0.08506347239017487,-0.08080272376537323,-0.07654198259115219,-0.07228124141693115,-0.06802050024271011,-0.06375975906848907,-0.05949901416897774,-0.0552382692694664,-0.05097752809524536,-0.04671678692102432,-0.042456042021512985,-0.038195300847291946,-0.03393455594778061,-0.02967381477355957,-0.02541307359933853,-0.021152330562472343,-0.016891587525606155,-0.012630844488739967,-0.008370102383196354,-0.004109359811991453,0.00015138275921344757,0.004412125330418348,0.008672867901623249,0.012933610007166862,0.017194345593452454,0.02145508863031864,0.02571583166718483,0.02997657284140587,0.034237317740917206,0.038498058915138245,0.04275880008935928,0.04701954498887062,0.05128028616309166,0.0555410273373127,0.059801772236824036,0.06406251341104507,0.06832325458526611,0.07258399575948715,0.07684474438428879,0.08110548555850983,0.08536622673273087,0.0896269679069519,0.09388770908117294,0.09814845770597458,0.10240919888019562,0.10666994005441666,0.1109306812286377,0.11519142240285873,0.11945216357707977,0.12371291220188141,0.12797364592552185,0.1322343945503235,0.13649514317512512,0.14075587689876556,0.1450166255235672,0.14927735924720764,0.15353810787200928],"_type":"histogram"},"val_mae":520.3599243164062,"parameters/network.0.bias":{"bins":[-0.21355430781841278,-0.20688308775424957,-0.20021186769008636,-0.19354063272476196,-0.18686941266059875,-0.18019819259643555,-0.17352697253227234,-0.16685575246810913,-0.16018453240394592,-0.15351329743862152,-0.1468420773744583,-0.1401708573102951,-0.1334996372461319,-0.1268284171819687,-0.12015718966722488,-0.11348596215248108,-0.10681474208831787,-0.10014352202415466,-0.09347229450941086,-0.08680107444524765,-0.08012984693050385,-0.07345862686634064,-0.06678740680217743,-0.06011618301272392,-0.053444959223270416,-0.04677373543381691,-0.0401025116443634,-0.033431291580200195,-0.02676006779074669,-0.020088844001293182,-0.013417622074484825,-0.006746399216353893,-7.516145706176758e-05,0.006596061401069164,0.013267284259200096,0.019938506186008453,0.02660972997546196,0.033280953764915466,0.039952173829078674,0.04662339761853218,0.05329462140798569,0.059965845197439194,0.0666370689868927,0.07330828905105591,0.07997950911521912,0.08665073662996292,0.09332195669412613,0.09999318420886993,0.10666440427303314,0.11333562433719635,0.12000685185194016,0.12667807936668396,0.13334929943084717,0.14002051949501038,0.14669173955917358,0.1533629596233368,0.1600341796875,0.1667054146528244,0.1733766347169876,0.18004785478115082,0.18671907484531403,0.19339029490947723,0.20006152987480164,0.20673274993896484,0.21340397000312805],"_type":"histogram","values":[1,0,0,0,0,0,0,0,0,0,0,0,0,0,0,0,0,0,0,0,0,0,0,0,0,0,0,0,0,0,0,0,0,0,0,0,0,0,0,0,0,0,0,0,0,0,0,0,0,0,0,0,0,0,0,1,0,0,0,1,0,0,0,1]},"_step":201,"final/test_loss":464820.1875,"train_r2":-1.4241745471954346,"train_loss_epoch":501125.28125,"test_mse":464820.1875,"lr-RMSprop":0.001,"parameters/network.4.weight":{"_type":"histogram","values":[1,0,0,0,0,0,0,0,1,0,0,1,0,0,0,0,0,0,0,0,0,0,0,0,0,0,0,0,0,0,0,0,0,0,0,0,0,0,0,0,0,0,0,0,0,0,0,0,0,0,0,0,0,0,0,0,0,0,0,0,0,0,0,1],