{"gradients/network.4.bias":{"values":[1],"bins":[-503.607421875,-503.607421875],"_type":"histogram"},"parameters/network.4.weight":{"values":[1,1,1,0,0,1,1,0,0,1,1,2,1,0,1,1,1,0,1,0,1,1,0,1,2,1,3,2,0,2,2,2,2,1,0,1,0,0,0,2,2,1,0,1,0,2,0,1,0,1,0,0,0,0,0,1,1,0,0,1,0,0,1,1],"bins":[2.0703001022338867,2.0737791061401367,2.0772581100463867,2.0807371139526367,2.0842161178588867,2.0876951217651367,2.0911741256713867,2.0946531295776367,2.0981321334838867,2.1016111373901367,2.1050901412963867,2.1085691452026367,2.1120481491088867,2.1155271530151367,2.1190061569213867,2.1224851608276367,2.1259641647338867,2.1294431686401367,2.1329221725463867,2.1364011764526367,2.1398801803588867,2.1433591842651367,2.1468381881713867,2.1503171920776367,2.1537961959838867,2.1572751998901367,2.1607542037963867,2.1642332077026367,2.1677122116088867,2.1711912155151367,2.1746702194213867,2.1781492233276367,2.1816282272338867,2.1851069927215576,2.1885859966278076,2.1920650005340576,2.1955440044403076,2.1990230083465576,2.2025020122528076,2.2059810161590576,2.2094600200653076,2.2129390239715576,2.2164180278778076,2.2198970317840576,2.2233760356903076,2.2268550395965576,2.2303340435028076,2.2338130474090576,2.2372920513153076,2.2407710552215576,2.2442500591278076,2.2477290630340576,2.2512080669403076,2.2546870708465576,2.2581660747528076,2.2616450786590576,2.2651240825653076,2.2686030864715576,2.2720820903778076,2.2755610942840576,2.2790400981903076,2.2825191020965576,2.2859981060028076,2.2894771099090576,2.2929561138153076],"_type":"histogram"},"gradients/network.0.bias":{"bins":[-3.62396240234375e-05,-3.552436828613281e-05,-3.4809112548828125e-05,-3.409385681152344e-05,-3.337860107421875e-05,-3.266334533691406e-05,-3.1948089599609375e-05,-3.123283386230469e-05,-3.0517578125e-05,-2.9802322387695312e-05,-2.9087066650390625e-05,-2.8371810913085938e-05,-2.765655517578125e-05,-2.6941299438476562e-05,-2.6226043701171875e-05,-2.5510787963867188e-05,-2.47955322265625e-05,-2.4080276489257812e-05,-2.3365020751953125e-05,-2.2649765014648438e-05,-2.193450927734375e-05,-2.1219253540039062e-05,-2.0503997802734375e-05,-1.9788742065429688e-05,-1.9073486328125e-05,-1.8358230590820312e-05,-1.7642974853515625e-05,-1.6927719116210938e-05,-1.621246337890625e-05,-1.5497207641601562e-05,-1.4781951904296875e-05,-1.4066696166992188e-05,-1.33514404296875e-05,-1.2636184692382812e-05,-1.1920928955078125e-05,-1.1205673217773438e-05,-1.049041748046875e-05,-9.775161743164062e-06,-9.059906005859375e-06,-8.344650268554688e-06,-7.62939453125e-06,-6.9141387939453125e-06,-6.198883056640625e-06,-5.4836273193359375e-06,-4.76837158203125e-06,-4.0531158447265625e-06,-3.337860107421875e-06,-2.6226043701171875e-06,-1.9073486328125e-06,-1.1920928955078125e-06,-4.76837158203125e-07,2.384185791015625e-07,9.5367431640625e-07,1.6689300537109375e-06,2.384185791015625e-06,3.0994415283203125e-06,3.814697265625e-06,4.5299530029296875e-06,5.245208740234375e-06,5.9604644775390625e-06,6.67572021484375e-06,7.3909759521484375e-06,8.106231689453125e-06,8.821487426757812e-06,9.5367431640625e-06],"_type":"histogram","values":[1,0,0,0,0,0,0,0,0,0,0,0,0,0,0,0,0,0,0,0,0,0,0,0,0,0,0,0,0,0,1,0,2,0,1,2,1,2,1,1,3,4,5,1,2,2,8,1,2,0,4,0,0,1,0,2,0,0,0,0,1,1,0,1]},"test_loss":187530.40625,"test_r2":0.03499513864517212,"trainer/global_step":2032,"_timestamp":1.7503536597243085e+09,"gradients/network.1.bias":{"bins":[-1032.7392578125,-1025.9013671875,-1019.0635986328125,-1012.2257690429688,-1005.3878784179688,-998.550048828125,-991.7122192382812,-984.8743896484375,-978.0365600585938,-971.19873046875,-964.36083984375,-957.5230102539062,-950.6851806640625,-943.8473510742188,-937.009521484375,-930.1716918945312,-923.3338623046875,-916.4959716796875,-909.6581420898438,-902.8203125,-895.9824829101562,-889.1446533203125,-882.3068237304688,-875.4689331054688,-868.631103515625,-861.7932739257812,-854.9554443359375,-848.1176147460938,-841.27978515625,-834.44189453125,-827.6040649414062,-820.7662353515625,-813.9284057617188,-807.090576171875,-800.2527465820312,-793.4149169921875,-786.5770263671875,-779.7391967773438,-772.9013671875,-766.0635375976562,-759.2257080078125,-752.3878784179688,-745.5499877929688,-738.712158203125,-731.8743286132812,-725.0364990234375,-718.1986694335938,-711.36083984375,-704.52294921875,-697.6851196289062,-690.8472900390625,-684.0094604492188,-677.171630859375,-670.3338012695312,-663.4959716796875,-656.6580810546875,-649.8202514648438,-642.982421875,-636.1445922851562,-629.3067626953125,-622.4689331054688,-615.6310424804688,-608.793212890625,-601.9553833007812,-595.1175537109375],"_type":"histogram","values":[1,0,0,0,1,0,0,0,0,1,0,1,0,1,0,0,1,0,0,1,0,2,1,0,0,1,0,1,1,0,1,3,2,1,2,2,3,1,2,0,3,3,0,1,0,0,2,1,0,0,1,3,0,0,0,0,1,2,2,0,0,0,0,1]},"val_mae":329.82855224609375,"_runtime":30.891458929,"gradients/network.0.weight":{"values":[2,1,0,0,0,0,1,2,0,1,2,0,1,1,2,1,1,4,1,8,21,27,52,613,108,45,21,8,5,3,6,3,4,0,1,0,0,0,0,0,0,0,1,0,1,0,0,0,0,0,1,0,1,0,0,0,0,0,0,0,0,0,0,1],"bins":[-25559.0078125,-24484.205078125,-23409.40234375,-22334.599609375,-21259.796875,-20184.994140625,-19110.19140625,-18035.388671875,-16960.5859375,-15885.783203125,-14810.98046875,-13736.177734375,-12661.375,-11586.572265625,-10511.76953125,-9436.966796875,-8362.1640625,-7287.361328125,-6212.55859375,-5137.755859375,-4062.953125,-2988.150390625,-1913.34765625,-838.544921875,236.2578125,1311.060546875,2385.86328125,3460.666015625,4535.46875,5610.271484375,6685.07421875,7759.876953125,8834.68359375,9909.486328125,10984.2890625,12059.091796875,13133.89453125,14208.697265625,15283.5,16358.302734375,17433.10546875,18507.908203125,19582.7109375,20657.513671875,21732.31640625,22807.119140625,23881.921875,24956.724609375,26031.52734375,27106.330078125,28181.1328125,29255.935546875,30330.73828125,31405.541015625,32480.34375,33555.1484375,34629.94921875,35704.75,36779.5546875,37854.359375,38929.16015625,40003.9609375,41078.765625,42153.5703125,43228.37109375],"_type":"histogram"},"test_mae":321.29339599609375,"val_loss":198776.234375,"parameters/network.0.weight":{"bins":[-2.0567493438720703,-2.005887985229492,-1.955026626586914,-1.9041653871536255,-1.8533040285110474,-1.8024426698684692,-1.7515814304351807,-1.7007200717926025,-1.6498587131500244,-1.5989973545074463,-1.5481359958648682,-1.4972747564315796,-1.4464133977890015,-1.3955520391464233,-1.3446907997131348,-1.2938294410705566,-1.2429680824279785,-1.1921067237854004,-1.1412453651428223,-1.0903841257095337,-1.0395227670669556,-0.9886614084243774,-0.9378001093864441,-0.8869388103485107,-0.8360774517059326,-0.7852160930633545,-0.7343547940254211,-0.6834934949874878,-0.6326321363449097,-0.5817707777023315,-0.5309094786643982,-0.48004814982414246,-0.4291868209838867,-0.378325492143631,-0.32746416330337524,-0.2766028344631195,-0.22574150562286377,-0.17488017678260803,-0.1240188479423523,-0.07315751910209656,-0.02229619026184082,0.028565138578414917,0.07942646741867065,0.1302877962589264,0.18114912509918213,0.23201045393943787,0.2828717827796936,0.33373311161994934,0.3845944404602051,0.4354557693004608,0.48631709814071655,0.5371783971786499,0.588039755821228,0.6389011144638062,0.6897624135017395,0.7406237125396729,0.791485071182251,0.8423464298248291,0.8932077288627625,0.9440690279006958,0.9949303865432739,1.045791745185852,1.0966529846191406,1.1475143432617188,1.1983757019042969],"_type":"histogram","values":[2,2,3,5,3,4,10,4,2,6,2,3,2,1,0,1,0,0,0,0,0,0,0,0,0,1,2,3,5,6,3,8,4,13,14,24,24,45,53,158,108,88,65,57,37,25,11,12,11,15,18,17,14,15,9,8,11,4,5,3,1,1,1,1]},"train_mse":151235.953125,